{"cameraMode":{"drawMode":0,"name":"Shaded","section":"Shading Mode"},"sceneLighting":true,"audioPlay":false,"sceneViewState":{"showFog":true,"showMaterialUpdate":false,"showSkybox":true,"showFlares":true,"showImageEffects":true,"showParticleSystems":true},"in2DMode":false,"pivot":{"x":1.4460588693618775,"y":-1.5421545505523682,"z":0.2758447229862213},"rotation":{"x":-0.13897685706615449,"y":0.8603528738021851,"z":-0.36457306146621706,"w":-0.32797083258628847},"size":2.5227720737457277,"orthographic":false}